,queda_auc,desvio
HIST_TEVE_ATRASO_60,0.0382,0.0068
TEM_HISTORICO,0.0142,0.0074
HIST_TEMPO_CASA,0.0091,0.0066
HIST_TAXA_ATRASO,0.0069,0.0044
FLAG_OWN_REALTY,0.0063,0.0021
ANOS_EMPREGO,0.0061,0.0073
HIST_CONTAS,0.004,0.0065
HIST_TAXA_SEM_USO,0.0037,0.008
HIST_MESES_ATRASO_30,0.0036,0.0037
OCCUPATION_TYPE,0.0031,0.0008
HIST_MESES_ATRASO,0.0029,0.005
CODE_GENDER,0.002,0.0021
FLAG_OWN_CAR,0.0012,0.0015
FLAG_WORK_PHONE,0.0008,0.001
CNT_CHILDREN,0.0006,0.0002
FLAG_PHONE,0.0005,0.0005
NAME_INCOME_TYPE,0.0004,0.0014
HIST_PIOR_STATUS,0.0001,0.0013
SEM_VINCULO,0.0001,0.0001
NAME_EDUCATION_TYPE,0.0001,0.0002
HIST_PIOR_STATUS_6M,-0.0,0.0
AMT_INCOME_TOTAL,-0.0,0.0
NAME_HOUSING_TYPE,-0.0002,0.0013
IDADE_ANOS,-0.0002,0.0003
HIST_TAXA_QUITADO,-0.0004,0.0025
HIST_MESES,-0.0007,0.0028
NAME_FAMILY_STATUS,-0.0015,0.0025
RENDA_PER_CAPITA,-0.0018,0.0022
FLAG_EMAIL,-0.0029,0.0029
CNT_FAM_MEMBERS,-0.0034,0.0018
